Node,Score
277,0.267262950160625
175,0.24959979480640074
19,0.18342640003638946
23,0.13080721107431428
25,0.08742299009047587
119,0.07519461706850977
339,0.06516828814709637
40,0.05563442005975683
152,0.05111701643949115
230,0.04993654269397364
