Node,Score
56,0.23192771084337352
67,0.22590361445783133
271,0.21686746987951808
322,0.213855421686747
25,0.20481927710843376
26,0.20180722891566266
252,0.1927710843373494
277,0.1927710843373494
21,0.1927710843373494
122,0.18674698795180725
