Node,Score
56,0.1980699374393387
67,0.1974080315654103
271,0.19359430043595824
26,0.18633401465138927
252,0.17707167291502648
122,0.1650244237636221
239,0.16291102500981147
277,0.16208796145892718
21,0.1604962525226587
322,0.15991844361225718
